image,label
img825.jpg,1
img822.jpg,1
img812.jpg,1
img933.jpg,1
img963.jpg,1
img969.jpg,1
img828.jpg,1
img941.jpg,1
img840.jpg,1
img834.jpg,1
img803.jpg,1
img894.jpg,1
img972.jpg,1
img847.jpg,1
img838.jpg,1
img912.jpg,1
img805.jpg,1
img962.jpg,1
img810.jpg,1
img897.jpg,1
img874.jpg,1
img801.jpg,1
img994.jpg,1
img913.jpg,1
img832.jpg,1
img808.jpg,1
img975.jpg,1
img867.jpg,1
img851.jpg,1
img902.jpg,1
img886.jpg,1
img909.jpg,1
img807.jpg,1
img809.jpg,1
img824.jpg,1
img823.jpg,1
img836.jpg,1
img965.jpg,1
img928.jpg,1
img948.jpg,1
img877.jpg,1
img907.jpg,1
img898.jpg,1
img937.jpg,1
img881.jpg,1
img892.jpg,1
img917.jpg,1
img811.jpg,1
img835.jpg,1
img995.jpg,1
img802.jpg,1
img946.jpg,1
img922.jpg,1
img870.jpg,1
img915.jpg,1
img944.jpg,1
img888.jpg,1
img891.jpg,1
img872.jpg,1
img968.jpg,1
img858.jpg,1
img916.jpg,1
img815.jpg,1
img884.jpg,1
img861.jpg,1
img826.jpg,1
img816.jpg,1
img984.jpg,1
img987.jpg,1
img949.jpg,1
img932.jpg,1
img935.jpg,1
img817.jpg,1
img845.jpg,1
img901.jpg,1
img850.jpg,1
img853.jpg,1
img820.jpg,1
img927.jpg,1
img833.jpg,1
img918.jpg,1
img804.jpg,1
img973.jpg,1
img959.jpg,1
img841.jpg,1
img844.jpg,1
img878.jpg,1
img931.jpg,1
img979.jpg,1
img831.jpg,1
img970.jpg,1
img983.jpg,1
img883.jpg,1
img859.jpg,1
img906.jpg,1
img880.jpg,1
img843.jpg,1
img996.jpg,1
img900.jpg,1
img896.jpg,1
img903.jpg,1
img910.jpg,1
img862.jpg,1
img855.jpg,1
img945.jpg,1
img871.jpg,1
img952.jpg,1
img950.jpg,1
img890.jpg,1
img977.jpg,1
img905.jpg,1
img818.jpg,1
img998.jpg,1
img899.jpg,1
img971.jpg,1
img985.jpg,1
img814.jpg,1
img868.jpg,1
img876.jpg,1
img989.jpg,1
img914.jpg,1
img936.jpg,1
img864.jpg,1
img961.jpg,1
img887.jpg,1
img992.jpg,1
img806.jpg,1
img830.jpg,1
img966.jpg,1
img990.jpg,1
img938.jpg,1
img958.jpg,1
img854.jpg,1
img991.jpg,1
img846.jpg,1
img857.jpg,1
img924.jpg,1
img893.jpg,1
img964.jpg,1
img982.jpg,1
img919.jpg,1
img889.jpg,1
img974.jpg,1
img879.jpg,1
img929.jpg,1
img960.jpg,1
img911.jpg,1
img976.jpg,1
img827.jpg,1
img981.jpg,1
img842.jpg,1
img925.jpg,1
img837.jpg,1
img821.jpg,1
img866.jpg,1
img951.jpg,1
img819.jpg,1
img940.jpg,1
img882.jpg,1
img848.jpg,1
img920.jpg,1
img873.jpg,1
img953.jpg,1
img904.jpg,1
img934.jpg,1
img939.jpg,1
img999.jpg,1
img997.jpg,1
img956.jpg,1
img860.jpg,1
img954.jpg,1
img863.jpg,1
img942.jpg,1
img875.jpg,1
img908.jpg,1
img993.jpg,1
img957.jpg,1
img852.jpg,1
img967.jpg,1
img947.jpg,1
img885.jpg,1
img986.jpg,1
img849.jpg,1
img800.jpg,1
img829.jpg,1
img895.jpg,1
img926.jpg,1
img980.jpg,1
img955.jpg,1
img813.jpg,1
img943.jpg,1
img921.jpg,1
img869.jpg,1
img930.jpg,1
img839.jpg,1
img923.jpg,1
img856.jpg,1
img988.jpg,1
img978.jpg,1
img865.jpg,1
